panelist_id,market,household_size,age_bracket,income_bracket,join_date,panel_type
1,Guadalajara,4,35-44,C+,2024-07-17,TAM
2,Guadalajara,5,55+,A/B,2024-04-08,TAM
3,Guadalajara,3,25-34,C+,2026-03-31,TAM
4,CDMX,5,55+,C-,2026-04-05,TAM
5,Guadalajara,5,18-24,C+,2024-09-06,TAM
6,Guadalajara,2,25-34,C,2025-05-19,TAM
7,Guadalajara,3,35-44,D+,2025-04-08,TAM
8,CDMX,3,55+,A/B,2026-03-19,Audio
9,Guadalajara,3,35-44,D+,2025-04-10,Audio
10,CDMX,5,18-24,A/B,2025-04-27,TAM
11,Guadalajara,4,18-24,C+,2024-03-02,Audio
12,Guadalajara,3,35-44,C+,2025-04-08,TAM
13,CDMX,5,18-24,D+,2025-09-30,TAM
14,CDMX,2,25-34,C-,2024-11-02,TAM
15,CDMX,4,25-34,C,2024-07-16,Audio
16,Guadalajara,2,18-24,C,2024-02-28,TAM
17,Guadalajara,4,55+,C,2026-02-24,TAM
18,Monterrey,5,45-54,C+,2024-12-07,TAM
19,CDMX,1,55+,C,2025-08-23,Audio
20,Tijuana,4,45-54,C,2025-02-18,TAM
21,CDMX,2,18-24,A/B,2025-12-12,Audio
22,CDMX,5,45-54,D+,2025-11-27,TAM
23,CDMX,4,45-54,D+,2025-04-07,TAM
24,Tijuana,1,18-24,A/B,2024-10-13,TAM
25,Puebla,1,35-44,A/B,2024-10-30,TAM
26,Monterrey,3,35-44,D+,2025-11-22,Audio
27,Tijuana,3,35-44,D+,2024-11-29,TAM
28,Monterrey,2,25-34,D+,2025-11-27,Audio
29,Tijuana,4,55+,C,2024-11-05,TAM
30,Tijuana,4,35-44,C+,2026-01-08,TAM
31,Tijuana,3,18-24,C-,2024-09-29,Audio
32,CDMX,4,25-34,C+,2024-03-15,TAM
33,Guadalajara,4,55+,D+,2024-10-17,TAM
34,Tijuana,1,25-34,C,2025-09-28,TAM
35,CDMX,3,45-54,D+,2024-06-14,TAM
36,Guadalajara,5,35-44,A/B,2025-08-22,TAM
37,CDMX,3,18-24,A/B,2025-09-09,Audio
38,Guadalajara,5,18-24,C,2026-03-03,TAM
39,Guadalajara,1,45-54,C+,2025-09-01,TAM
40,Tijuana,2,55+,D+,2024-04-22,TAM
41,Monterrey,4,45-54,C+,2024-02-19,TAM
42,Monterrey,1,45-54,C-,2024-06-27,TAM
43,Guadalajara,4,18-24,A/B,2024-04-16,TAM
44,Puebla,2,18-24,C+,2025-05-20,TAM
45,Monterrey,2,45-54,C+,2024-10-30,TAM
46,Tijuana,1,18-24,C-,2025-08-20,Audio
47,Guadalajara,2,55+,A/B,2024-10-16,Audio
48,Puebla,5,25-34,C-,2024-03-22,TAM
49,Tijuana,2,18-24,C+,2025-09-26,TAM
50,Guadalajara,4,45-54,C,2025-03-29,TAM
51,Tijuana,4,55+,C-,2024-04-14,TAM
52,Guadalajara,4,18-24,D+,2025-07-03,Audio
53,CDMX,4,18-24,A/B,2026-03-01,TAM
54,Tijuana,5,55+,C+,2024-12-04,TAM
55,Guadalajara,3,25-34,A/B,2024-11-28,TAM
56,Tijuana,1,45-54,A/B,2024-06-10,Audio
57,Guadalajara,4,55+,A/B,2024-09-26,TAM
58,CDMX,2,55+,D+,2025-02-27,TAM
59,Guadalajara,4,35-44,C+,2025-08-08,TAM
60,CDMX,2,35-44,C-,2025-12-19,TAM
61,Tijuana,2,18-24,C-,2024-03-24,TAM
62,Tijuana,4,18-24,D+,2024-10-03,TAM
63,Guadalajara,5,35-44,A/B,2025-08-04,Audio
64,Guadalajara,2,45-54,D+,2025-04-19,Audio
65,Tijuana,2,55+,A/B,2024-08-14,TAM
66,Guadalajara,4,18-24,C+,2024-10-12,TAM
67,CDMX,2,25-34,C,2026-01-13,TAM
68,CDMX,2,25-34,C,2025-09-29,TAM
69,Tijuana,4,18-24,A/B,2025-08-18,TAM
70,Guadalajara,4,18-24,C,2024-01-04,Audio
71,Tijuana,1,25-34,C-,2024-07-19,TAM
72,CDMX,5,18-24,A/B,2025-02-19,Audio
73,Tijuana,5,55+,A/B,2024-05-25,Audio
74,CDMX,2,45-54,C+,2024-09-13,TAM
75,Tijuana,5,18-24,C,2025-04-24,TAM
76,CDMX,2,35-44,D+,2025-08-20,Audio
77,Tijuana,1,25-34,C+,2025-03-12,Audio
78,Puebla,4,45-54,A/B,2024-02-03,TAM
79,Puebla,4,45-54,C+,2025-05-27,TAM
80,CDMX,4,45-54,A/B,2024-02-16,Audio
81,Guadalajara,5,45-54,C,2025-09-17,TAM
82,Tijuana,1,25-34,A/B,2024-02-08,TAM
83,Monterrey,5,18-24,C,2025-03-20,TAM
84,Monterrey,5,55+,C,2024-11-27,Audio
85,Tijuana,1,35-44,C+,2026-01-04,TAM
86,Guadalajara,1,55+,C-,2025-08-04,TAM
87,Monterrey,1,55+,D+,2024-02-17,TAM
88,Guadalajara,1,18-24,C-,2024-09-19,TAM
89,CDMX,4,25-34,C,2024-01-28,TAM
90,Tijuana,3,55+,C,2024-06-21,TAM
91,CDMX,3,35-44,D+,2025-12-26,TAM
92,Monterrey,1,35-44,D+,2025-03-10,TAM
93,CDMX,3,45-54,C+,2025-02-26,TAM
94,Monterrey,3,18-24,C,2025-06-28,TAM
95,Puebla,1,55+,C,2025-02-16,TAM
96,CDMX,3,55+,C-,2025-02-04,Audio
97,CDMX,5,18-24,C,2024-02-07,TAM
98,CDMX,2,18-24,C+,2024-07-23,TAM
99,Puebla,2,25-34,A/B,2025-09-14,TAM
100,CDMX,1,18-24,C-,2025-01-01,TAM
101,CDMX,4,45-54,C-,2024-07-27,TAM
102,CDMX,1,18-24,A/B,2025-12-02,Audio
103,Guadalajara,4,55+,C-,2025-09-20,TAM
104,Tijuana,2,18-24,C-,2025-08-20,TAM
105,CDMX,1,55+,D+,2025-01-12,TAM
106,Tijuana,5,55+,D+,2024-03-20,TAM
107,Monterrey,3,25-34,C-,2024-10-18,TAM
108,Guadalajara,4,35-44,D+,2024-03-24,TAM
109,Guadalajara,3,18-24,C,2025-08-31,TAM
110,Monterrey,3,55+,A/B,2025-05-24,TAM
111,Monterrey,1,25-34,C+,2025-09-08,TAM
112,Monterrey,3,45-54,C-,2025-03-11,TAM
113,Monterrey,5,55+,A/B,2024-01-01,Audio
114,CDMX,3,45-54,A/B,2024-03-10,Audio
115,Puebla,1,45-54,D+,2025-07-01,Audio
116,Puebla,5,25-34,C-,2024-10-20,TAM
117,Monterrey,2,45-54,C,2025-02-10,TAM
118,Monterrey,3,25-34,C-,2024-02-05,Audio
119,CDMX,1,45-54,D+,2024-08-03,TAM
120,Guadalajara,2,45-54,C+,2026-04-05,Audio
121,Guadalajara,2,45-54,C,2025-10-28,TAM
122,Monterrey,4,45-54,C,2025-06-02,Audio
123,Monterrey,5,18-24,C-,2024-01-02,TAM
124,Guadalajara,3,35-44,C+,2024-10-27,TAM
125,Tijuana,1,18-24,A/B,2024-02-23,Audio
126,Puebla,4,55+,C+,2025-10-10,TAM
127,CDMX,5,55+,C+,2025-01-03,TAM
128,Puebla,4,25-34,D+,2025-08-13,TAM
129,CDMX,5,25-34,C,2024-03-28,TAM
130,Tijuana,5,55+,C-,2026-04-06,TAM
131,Guadalajara,3,55+,C+,2024-04-30,TAM
132,Monterrey,5,55+,A/B,2024-03-02,Audio
133,Puebla,4,35-44,D+,2024-09-30,TAM
134,Guadalajara,5,35-44,A/B,2025-04-18,Audio
135,Monterrey,3,45-54,C,2024-01-11,TAM
136,Monterrey,3,25-34,C-,2024-01-05,TAM
137,Tijuana,4,35-44,D+,2024-11-14,Audio
138,Puebla,2,45-54,C-,2024-10-28,Audio
139,Guadalajara,2,25-34,A/B,2024-09-03,TAM
140,Guadalajara,5,45-54,D+,2025-01-26,TAM
141,Monterrey,1,45-54,C,2025-04-09,TAM
142,Monterrey,5,35-44,C,2025-09-27,TAM
143,CDMX,4,35-44,D+,2024-08-30,TAM
144,Guadalajara,4,45-54,C-,2025-10-19,TAM
145,CDMX,4,45-54,C-,2025-08-29,Audio
146,Guadalajara,4,45-54,C+,2026-01-27,TAM
147,Monterrey,4,55+,D+,2024-09-14,TAM
148,CDMX,3,35-44,C-,2024-03-30,TAM
149,Guadalajara,2,25-34,C,2025-08-18,TAM
150,Tijuana,4,25-34,C+,2024-10-31,TAM
151,Guadalajara,1,55+,D+,2024-12-23,TAM
152,Puebla,1,35-44,C+,2026-01-20,TAM
153,Guadalajara,1,55+,C+,2025-06-27,TAM
154,CDMX,1,25-34,C-,2026-03-08,TAM
155,CDMX,3,45-54,C-,2026-04-20,TAM
156,Tijuana,1,35-44,C-,2025-10-26,TAM
157,Monterrey,4,18-24,D+,2026-02-25,TAM
158,Guadalajara,5,55+,C,2026-03-09,TAM
159,Guadalajara,1,45-54,D+,2025-08-21,TAM
160,Guadalajara,3,55+,C-,2024-08-07,TAM
161,Guadalajara,3,55+,C-,2025-02-03,TAM
162,Guadalajara,1,18-24,C+,2024-08-05,TAM
163,CDMX,5,25-34,C+,2025-08-05,TAM
164,Guadalajara,1,45-54,C-,2026-02-15,TAM
165,Guadalajara,3,25-34,C,2025-01-06,Audio
166,Tijuana,2,18-24,C+,2024-05-13,Audio
167,Puebla,4,55+,C+,2024-02-16,TAM
168,Guadalajara,3,25-34,C,2024-10-22,Audio
169,Guadalajara,1,35-44,D+,2026-02-18,Audio
170,Tijuana,4,45-54,A/B,2024-09-27,TAM
171,CDMX,1,35-44,D+,2025-06-25,TAM
172,Guadalajara,1,18-24,C-,2025-02-08,Audio
173,Guadalajara,2,18-24,C+,2024-08-22,Audio
174,Tijuana,4,55+,A/B,2023-12-28,Audio
175,Puebla,4,55+,A/B,2024-06-13,Audio
176,Monterrey,2,45-54,C,2025-11-04,TAM
177,Monterrey,3,45-54,A/B,2024-09-10,TAM
178,Monterrey,1,18-24,C+,2025-03-10,TAM
179,Monterrey,5,45-54,D+,2024-05-22,TAM
180,Monterrey,1,35-44,A/B,2026-02-01,Audio
181,Tijuana,1,18-24,D+,2025-03-15,TAM
182,Guadalajara,3,35-44,D+,2026-03-08,Audio
183,Monterrey,1,18-24,C+,2024-07-31,TAM
184,Tijuana,2,45-54,C-,2025-12-19,TAM
185,CDMX,2,25-34,C+,2024-07-26,TAM
186,CDMX,4,18-24,C+,2026-04-18,Audio
187,Monterrey,5,18-24,C+,2026-01-06,TAM
188,Guadalajara,1,35-44,C-,2024-04-29,Audio
189,Guadalajara,1,55+,C+,2025-01-04,TAM
190,CDMX,3,25-34,A/B,2024-08-27,TAM
191,Tijuana,2,35-44,D+,2024-02-14,TAM
192,Guadalajara,5,35-44,D+,2026-04-30,TAM
193,Monterrey,4,25-34,C-,2024-06-26,TAM
194,Monterrey,2,55+,C-,2025-05-14,TAM
195,Tijuana,4,25-34,D+,2025-06-07,TAM
196,Monterrey,3,35-44,C-,2024-02-28,Audio
197,Monterrey,3,25-34,C-,2024-01-23,Audio
198,CDMX,1,55+,C,2025-12-24,Audio
199,Monterrey,5,55+,C-,2023-12-19,TAM
200,Monterrey,4,25-34,A/B,2025-12-06,TAM
201,Monterrey,2,45-54,A/B,2025-08-04,Audio
202,Tijuana,3,45-54,C,2024-06-11,TAM
203,Monterrey,1,55+,A/B,2024-03-16,TAM
204,CDMX,1,35-44,C+,2025-09-04,Audio
205,Tijuana,4,18-24,C-,2025-02-12,TAM
206,Tijuana,3,18-24,C,2025-06-30,Audio
207,Monterrey,5,45-54,C+,2025-07-06,TAM
208,CDMX,3,25-34,C+,2025-03-07,TAM
209,Tijuana,4,55+,C+,2024-08-16,TAM
210,Guadalajara,4,45-54,C,2024-09-12,TAM
211,Guadalajara,3,45-54,C,2024-06-19,TAM
212,Guadalajara,4,35-44,D+,2025-11-22,TAM
213,CDMX,3,45-54,C,2025-02-22,TAM
214,Tijuana,2,18-24,C+,2025-04-04,TAM
215,CDMX,3,35-44,A/B,2025-04-30,Audio
216,Monterrey,3,18-24,D+,2024-06-27,Audio
217,CDMX,4,18-24,D+,2024-02-26,Audio
218,Tijuana,4,35-44,C+,2024-01-01,TAM
219,Guadalajara,1,25-34,D+,2025-05-07,TAM
220,CDMX,1,25-34,A/B,2024-03-20,Audio
221,Guadalajara,2,45-54,A/B,2024-07-10,TAM
222,Guadalajara,1,35-44,C,2024-04-13,Audio
223,Guadalajara,3,55+,C,2025-11-04,TAM
224,Puebla,4,35-44,C-,2025-07-27,Audio
225,CDMX,1,35-44,A/B,2025-07-04,TAM
226,Guadalajara,1,25-34,C-,2026-02-14,Audio
227,CDMX,2,18-24,C-,2024-01-30,TAM
228,Guadalajara,2,35-44,C,2024-10-30,TAM
229,CDMX,3,35-44,A/B,2024-01-11,TAM
230,Guadalajara,4,55+,C,2025-01-05,Audio
231,CDMX,2,45-54,C,2025-09-18,TAM
232,Guadalajara,1,18-24,C,2026-01-03,Audio
233,Guadalajara,4,55+,C+,2026-01-04,TAM
234,CDMX,4,55+,C-,2025-04-18,TAM
235,Guadalajara,1,45-54,A/B,2024-04-18,Audio
236,Monterrey,2,35-44,A/B,2024-08-10,TAM
237,Monterrey,1,25-34,C,2025-09-22,TAM
238,Monterrey,4,35-44,A/B,2024-05-30,TAM
239,Tijuana,5,45-54,A/B,2025-10-20,TAM
240,CDMX,5,18-24,A/B,2024-07-14,Audio
241,Tijuana,3,55+,C+,2025-08-26,TAM
242,CDMX,1,55+,C+,2024-03-10,Audio
243,Monterrey,1,25-34,D+,2025-09-06,TAM
244,Tijuana,3,55+,C,2025-12-05,Audio
245,CDMX,3,18-24,C+,2026-01-10,TAM
246,Puebla,3,55+,C,2024-02-14,TAM
247,Guadalajara,4,45-54,D+,2025-08-04,TAM
248,Monterrey,1,35-44,D+,2026-02-26,TAM
249,CDMX,4,55+,A/B,2025-01-25,Audio
250,CDMX,3,45-54,A/B,2024-06-27,TAM
251,Puebla,1,45-54,A/B,2024-12-28,TAM
252,Guadalajara,4,18-24,C,2025-02-02,TAM
253,Guadalajara,4,55+,D+,2026-02-24,TAM
254,Monterrey,3,55+,D+,2025-06-04,TAM
255,CDMX,1,18-24,A/B,2024-12-01,Audio
256,Tijuana,3,55+,C+,2024-07-05,TAM
257,Monterrey,1,45-54,C-,2025-09-11,TAM
258,Monterrey,5,35-44,C,2026-01-25,TAM
259,CDMX,2,45-54,A/B,2025-11-27,TAM
260,Guadalajara,2,18-24,C,2026-02-04,Audio
261,Guadalajara,2,55+,D+,2024-10-10,TAM
262,Monterrey,3,45-54,A/B,2025-12-28,Audio
263,Monterrey,5,18-24,D+,2024-08-26,TAM
264,CDMX,1,25-34,A/B,2025-11-25,TAM
265,Monterrey,4,35-44,D+,2024-10-10,TAM
266,Puebla,1,55+,D+,2025-02-17,TAM
267,Guadalajara,4,35-44,A/B,2024-10-09,TAM
268,Puebla,1,35-44,C,2024-05-13,TAM
269,CDMX,5,45-54,A/B,2025-12-07,TAM
270,Tijuana,4,18-24,D+,2024-07-23,TAM
271,Monterrey,3,25-34,C,2025-02-27,TAM
272,Puebla,1,55+,D+,2025-06-04,TAM
273,Guadalajara,1,55+,A/B,2026-03-10,TAM
274,Monterrey,4,45-54,C-,2025-07-28,TAM
275,Guadalajara,3,55+,A/B,2025-03-04,TAM
276,Guadalajara,3,55+,C-,2026-01-09,TAM
277,Guadalajara,5,45-54,D+,2025-06-21,TAM
278,Monterrey,3,25-34,C+,2025-10-05,Audio
279,Monterrey,3,18-24,C-,2025-07-10,Audio
280,Guadalajara,3,55+,C+,2025-11-04,TAM
281,CDMX,2,35-44,A/B,2023-12-31,TAM
282,Guadalajara,5,18-24,C-,2024-04-03,Audio
283,CDMX,1,55+,C-,2025-06-16,Audio
284,Guadalajara,4,45-54,A/B,2025-03-01,Audio
285,Puebla,1,55+,C-,2025-11-08,Audio
286,Guadalajara,5,18-24,C+,2025-04-27,TAM
287,CDMX,4,45-54,C,2025-03-18,Audio
288,Monterrey,5,25-34,A/B,2025-09-18,TAM
289,CDMX,3,25-34,C,2026-01-06,TAM
290,CDMX,4,25-34,C+,2024-01-15,TAM
291,Guadalajara,3,55+,C+,2025-08-13,Audio
292,Guadalajara,1,45-54,C-,2024-06-30,Audio
293,CDMX,1,55+,D+,2024-03-15,TAM
294,Monterrey,4,45-54,A/B,2024-07-29,TAM
295,Monterrey,4,35-44,D+,2024-07-25,TAM
296,Guadalajara,5,45-54,C-,2024-11-29,TAM
297,Puebla,5,18-24,A/B,2025-04-20,TAM
298,Monterrey,3,55+,D+,2024-11-29,Audio
299,Tijuana,4,45-54,D+,2024-04-06,TAM
300,CDMX,1,55+,C+,2025-06-07,Audio
301,Guadalajara,5,35-44,A/B,2025-01-26,TAM
302,Guadalajara,5,45-54,C-,2025-11-07,TAM
303,Guadalajara,1,35-44,C,2024-08-16,TAM
304,Monterrey,5,55+,A/B,2024-02-29,Audio
305,Monterrey,3,35-44,A/B,2024-07-09,TAM
306,Guadalajara,4,55+,C+,2025-04-02,TAM
307,CDMX,1,35-44,C,2024-09-13,Audio
308,CDMX,4,25-34,D+,2024-05-17,Audio
309,Monterrey,5,45-54,C,2026-02-05,Audio
310,CDMX,5,55+,A/B,2024-06-15,TAM
311,CDMX,1,18-24,C,2025-02-23,TAM
312,Monterrey,3,45-54,C+,2025-09-25,TAM
313,Guadalajara,2,35-44,A/B,2025-12-13,TAM
314,Puebla,1,55+,A/B,2024-10-27,TAM
315,CDMX,2,55+,C-,2024-03-09,TAM
316,Puebla,2,55+,C+,2025-10-29,Audio
317,Monterrey,3,25-34,C-,2026-03-19,TAM
318,CDMX,2,45-54,C+,2024-03-23,TAM
319,Tijuana,2,45-54,C+,2025-06-20,TAM
320,Tijuana,3,45-54,C,2024-09-25,Audio
321,CDMX,2,25-34,C+,2024-12-04,Audio
322,Tijuana,2,18-24,C-,2025-12-12,Audio
323,Tijuana,2,55+,A/B,2024-10-12,TAM
324,Guadalajara,1,45-54,D+,2024-03-12,TAM
325,Guadalajara,1,25-34,C-,2025-02-09,Audio
326,Monterrey,1,45-54,D+,2026-04-05,TAM
327,Tijuana,3,35-44,C+,2025-04-02,TAM
328,Puebla,5,35-44,C+,2026-01-21,TAM
329,Tijuana,2,45-54,C+,2025-07-13,Audio
330,Monterrey,2,18-24,A/B,2025-01-07,TAM
331,Puebla,3,55+,D+,2025-09-24,TAM
332,Puebla,2,25-34,C,2026-01-09,TAM
333,Monterrey,1,55+,C-,2025-08-31,TAM
334,Tijuana,5,55+,D+,2023-12-28,TAM
335,CDMX,4,25-34,C,2024-11-21,TAM
336,Monterrey,2,55+,C-,2024-08-11,TAM
337,Guadalajara,1,35-44,A/B,2024-06-17,Audio
338,CDMX,4,55+,D+,2024-10-22,TAM
339,Guadalajara,5,45-54,C,2025-01-06,TAM
340,Monterrey,4,18-24,C,2026-04-16,TAM
341,CDMX,1,55+,C,2024-06-29,TAM
342,CDMX,4,25-34,C-,2025-05-07,Audio
343,CDMX,3,25-34,A/B,2024-12-28,Audio
344,Guadalajara,4,25-34,A/B,2025-01-19,Audio
345,Monterrey,2,35-44,D+,2026-03-21,TAM
346,CDMX,2,35-44,A/B,2024-01-19,Audio
347,Guadalajara,3,18-24,C,2025-10-19,TAM
348,Monterrey,1,45-54,C-,2024-02-04,Audio
349,Monterrey,2,25-34,C-,2025-04-02,TAM
350,Tijuana,5,55+,C,2025-04-21,Audio
351,Monterrey,2,45-54,D+,2024-04-18,Audio
352,CDMX,2,35-44,A/B,2025-10-30,TAM
353,Guadalajara,1,45-54,D+,2024-06-25,Audio
354,CDMX,4,35-44,C-,2025-11-13,TAM
355,CDMX,2,45-54,C,2025-05-06,TAM
356,Tijuana,3,18-24,C-,2024-02-12,TAM
357,CDMX,4,25-34,A/B,2024-02-02,TAM
358,CDMX,5,45-54,A/B,2024-08-18,TAM
359,Puebla,1,35-44,C,2025-09-03,TAM
360,Guadalajara,5,25-34,C-,2024-09-29,Audio
361,Monterrey,4,18-24,D+,2025-04-17,TAM
362,Monterrey,4,35-44,C+,2025-04-22,Audio
363,CDMX,4,45-54,D+,2026-04-06,TAM
364,Guadalajara,5,35-44,C-,2024-10-04,TAM
365,Guadalajara,4,45-54,C+,2024-08-14,TAM
366,Monterrey,5,45-54,A/B,2026-02-16,Audio
367,Tijuana,4,35-44,A/B,2023-12-19,TAM
368,Tijuana,3,25-34,C+,2025-07-09,Audio
369,Guadalajara,4,25-34,C+,2024-11-28,TAM
370,Guadalajara,5,55+,D+,2024-12-13,TAM
371,Tijuana,2,25-34,D+,2024-01-31,Audio
372,Monterrey,4,45-54,D+,2026-02-24,TAM
373,Puebla,2,18-24,C+,2025-03-09,Audio
374,Guadalajara,3,45-54,D+,2024-07-14,TAM
375,Puebla,1,55+,C+,2024-01-05,Audio
376,Monterrey,3,18-24,A/B,2025-12-21,TAM
377,Guadalajara,4,35-44,C+,2025-06-25,TAM
378,Tijuana,2,18-24,C,2024-11-17,TAM
379,Guadalajara,2,35-44,D+,2024-10-15,TAM
380,CDMX,5,55+,D+,2024-12-04,TAM
381,CDMX,2,55+,C,2024-06-27,Audio
382,Guadalajara,5,18-24,A/B,2024-10-02,TAM
383,Puebla,1,35-44,C+,2024-07-15,Audio
384,CDMX,4,18-24,C-,2025-03-02,Audio
385,Guadalajara,5,35-44,C-,2024-10-21,TAM
386,CDMX,1,35-44,C-,2024-01-27,TAM
387,Guadalajara,2,45-54,C-,2026-03-02,TAM
388,CDMX,2,35-44,C,2025-05-19,Audio
389,Tijuana,1,25-34,C,2025-05-14,TAM
390,Monterrey,2,45-54,A/B,2026-01-14,TAM
391,Guadalajara,1,18-24,C,2025-08-22,Audio
392,Monterrey,5,25-34,C,2024-08-10,Audio
393,Monterrey,5,25-34,C-,2024-04-24,Audio
394,Monterrey,1,35-44,C-,2025-01-09,TAM
395,CDMX,5,25-34,C+,2025-03-26,TAM
396,Guadalajara,5,45-54,D+,2026-03-14,Audio
397,CDMX,5,35-44,D+,2024-07-02,TAM
398,Monterrey,3,35-44,C,2026-01-12,Audio
399,Guadalajara,4,18-24,D+,2025-04-23,TAM
400,CDMX,2,18-24,C-,2025-04-26,TAM
401,CDMX,3,55+,D+,2024-03-11,TAM
402,Monterrey,5,35-44,D+,2026-01-23,Audio
403,Guadalajara,1,55+,D+,2024-03-20,TAM
404,Guadalajara,5,25-34,C,2026-03-22,Audio
405,Monterrey,4,55+,D+,2024-11-17,TAM
406,Monterrey,5,45-54,D+,2024-08-13,Audio
407,CDMX,1,55+,D+,2025-06-30,TAM
408,CDMX,4,45-54,A/B,2024-05-07,TAM
409,Guadalajara,5,45-54,D+,2024-06-12,TAM
410,Tijuana,4,18-24,D+,2024-04-20,TAM
411,Puebla,2,55+,D+,2024-06-30,TAM
412,CDMX,2,25-34,D+,2026-03-11,TAM
413,Puebla,5,45-54,C+,2024-08-06,Audio
414,Guadalajara,4,18-24,C+,2025-08-27,TAM
415,Monterrey,1,45-54,C+,2025-06-15,TAM
416,CDMX,5,45-54,A/B,2024-02-29,Audio
417,Guadalajara,2,35-44,C-,2024-11-17,TAM
418,Tijuana,2,45-54,D+,2025-06-15,TAM
419,CDMX,5,35-44,D+,2025-05-05,TAM
420,Guadalajara,4,35-44,C+,2025-08-23,Audio
421,Puebla,2,25-34,C-,2025-07-02,TAM
422,CDMX,4,35-44,C,2025-05-10,TAM
423,CDMX,2,45-54,C,2024-06-09,Audio
424,Guadalajara,2,18-24,C,2024-01-30,Audio
425,Monterrey,3,45-54,C,2026-02-11,Audio
426,Guadalajara,2,55+,C,2025-09-25,Audio
427,Guadalajara,1,18-24,D+,2024-05-20,Audio
428,Guadalajara,5,55+,C+,2025-08-30,TAM
429,Guadalajara,5,35-44,C-,2026-03-10,TAM
430,Guadalajara,4,55+,C+,2024-03-04,TAM
431,Monterrey,2,25-34,C,2024-12-31,TAM
432,Guadalajara,1,18-24,D+,2024-07-10,TAM
433,CDMX,4,18-24,C+,2024-04-06,TAM
434,Guadalajara,3,18-24,C-,2023-12-27,Audio
435,Tijuana,4,35-44,A/B,2025-10-24,TAM
436,CDMX,4,35-44,C,2024-09-28,TAM
437,CDMX,2,45-54,C+,2024-07-15,Audio
438,Guadalajara,3,18-24,C,2025-01-08,TAM
439,CDMX,4,25-34,A/B,2025-01-18,Audio
440,Guadalajara,1,25-34,C+,2024-02-13,TAM
441,Tijuana,1,45-54,D+,2024-07-17,TAM
442,CDMX,5,25-34,C+,2025-03-18,TAM
443,Guadalajara,3,45-54,C+,2025-08-21,TAM
444,Tijuana,3,35-44,D+,2025-08-02,Audio
445,Guadalajara,5,35-44,C+,2026-04-21,TAM
446,Monterrey,4,25-34,C-,2026-01-01,TAM
447,Puebla,3,18-24,C,2024-05-12,TAM
448,Guadalajara,1,25-34,C-,2025-09-18,TAM
449,Tijuana,1,35-44,C-,2024-03-28,Audio
450,Puebla,2,25-34,C+,2025-01-05,TAM
451,Tijuana,3,18-24,D+,2024-08-30,TAM
452,Monterrey,4,55+,A/B,2024-05-12,TAM
453,Tijuana,5,25-34,D+,2024-10-19,TAM
454,Monterrey,5,55+,C-,2025-11-15,TAM
455,CDMX,4,45-54,A/B,2025-10-04,Audio
456,Puebla,2,45-54,C+,2025-01-31,TAM
457,CDMX,5,55+,C-,2025-01-20,TAM
458,CDMX,3,45-54,C,2025-06-21,Audio
459,Guadalajara,2,18-24,A/B,2024-03-30,TAM
460,Guadalajara,3,18-24,A/B,2024-05-15,Audio
461,Guadalajara,1,45-54,C+,2025-01-04,Audio
462,CDMX,2,45-54,C,2024-03-09,Audio
463,Monterrey,5,45-54,C-,2025-04-06,TAM
464,Tijuana,2,25-34,C,2024-06-24,TAM
465,Monterrey,2,25-34,C+,2024-10-29,Audio
466,Guadalajara,2,35-44,C-,2024-03-19,TAM
467,Monterrey,2,45-54,C+,2024-10-22,TAM
468,Guadalajara,3,25-34,A/B,2025-05-13,TAM
469,Monterrey,1,18-24,C+,2024-06-25,TAM
470,CDMX,4,45-54,D+,2026-01-19,TAM
471,Guadalajara,2,18-24,C-,2026-03-14,TAM
472,Guadalajara,5,18-24,C+,2024-10-27,TAM
473,Guadalajara,2,55+,C,2025-07-10,TAM
474,CDMX,5,35-44,C+,2024-03-02,TAM
475,Tijuana,3,55+,C+,2025-12-07,TAM
476,Guadalajara,5,55+,C+,2025-07-25,TAM
477,CDMX,4,18-24,C,2025-02-19,Audio
478,Monterrey,1,55+,C,2024-06-14,TAM
479,Guadalajara,5,45-54,C+,2025-03-10,Audio
480,Guadalajara,5,25-34,C,2025-01-03,Audio
481,Puebla,1,18-24,D+,2025-12-06,TAM
482,CDMX,4,25-34,C-,2025-03-02,TAM
483,Monterrey,2,18-24,C-,2025-10-06,Audio
484,CDMX,5,25-34,A/B,2026-01-28,TAM
485,CDMX,1,18-24,A/B,2024-06-12,TAM
486,CDMX,3,55+,C+,2024-03-14,TAM
487,Monterrey,1,18-24,C+,2025-05-27,Audio
488,Guadalajara,3,45-54,C+,2024-04-03,TAM
489,Guadalajara,4,25-34,D+,2024-05-12,TAM
490,Monterrey,2,55+,C,2025-07-17,TAM
491,CDMX,1,45-54,C-,2025-04-29,TAM
492,Monterrey,5,35-44,C+,2024-04-23,TAM
493,Guadalajara,4,25-34,C+,2025-03-05,TAM
494,Tijuana,1,55+,C-,2024-10-13,TAM
495,Monterrey,5,45-54,D+,2025-10-14,Audio
496,CDMX,1,35-44,C,2024-12-07,Audio
497,Tijuana,3,45-54,C-,2024-12-18,TAM
498,Monterrey,1,25-34,D+,2024-02-08,TAM
499,Tijuana,1,18-24,D+,2024-10-24,TAM
500,Guadalajara,1,18-24,A/B,2023-12-17,TAM
